{
    "gps_lon0": 83.1257333333,
    "gps_lat0": 54.8894123333,
    "vio_lon0": 83.1258973333,
    "vio_lat0": 54.889668,
    "scale_for_lon": 1.717349503281966,
    "scale_for_lat": 0.6263703754443387
}