{"lat_shift": 0.04642323562848105, "lon_shift": 0.02731523574051664, "lat_scale": 1.1429993334872062, "lon_scale": 1.3040259245776957}