{
    "gps_lon0": 83.125733,
    "gps_lat0": 54.8894146667,
    "vio_lon0": 83.1258973333,
    "vio_lat0": 54.889668,
    "scale_for_lon": 2.096153314729212,
    "scale_for_lat": 0.7221657102145231
}