{
    "gps_lon0": 83.1257318333,
    "gps_lat0": 54.8894126667,
    "vio_lon0": 83.1258973333,
    "vio_lat0": 54.889668,
    "scale_for_lon": 1.6603478626319557,
    "scale_for_lat": 0.6080237414144586
}