{
    "gps_lon0": 83.1257365,
    "gps_lat0": 54.8894156667,
    "vio_lon0": 83.1258973333,
    "vio_lat0": 54.889668,
    "scale_for_lon": 2.190223121835729,
    "scale_for_lat": 0.8150111028674851
}