{
    "gps_lon0": 83.1257395,
    "gps_lat0": 54.889417,
    "vio_lon0": 83.1258973333,
    "vio_lat0": 54.889668,
    "scale_for_lon": 2.9310191326949755,
    "scale_for_lat": 0.8490131437781521
}