{
    "gps_lon0": 83.1257365,
    "gps_lat0": 54.8894156667,
    "vio_lon0": 83.1258973333,
    "vio_lat0": 54.889668,
    "scale_for_lon": 2.149473840536086,
    "scale_for_lat": 0.7957494211814083
}