{
    "gps_lon0": 83.1257321667,
    "gps_lat0": 54.8894115,
    "vio_lon0": 83.1258973333,
    "vio_lat0": 54.889668,
    "scale_for_lon": 1.7109597872925586,
    "scale_for_lat": 0.6096802140021805
}