{
    "gps_lon0": 83.125732,
    "gps_lat0": 54.8894121667,
    "vio_lon0": 83.1258973333,
    "vio_lat0": 54.889668,
    "scale_for_lon": 2.0816234291874105,
    "scale_for_lat": 0.7472766034703971
}