{
    "gps_lon0": 83.1257328333,
    "gps_lat0": 54.8894116667,
    "vio_lon0": 83.1258973333,
    "vio_lat0": 54.889668,
    "scale_for_lon": 1.73630794597844,
    "scale_for_lat": 0.6501287521925163
}