{
    "0": 1.5999999999999999,
    "1": 2.5,
    "2": 1.55,
    "3": 2.62,
    "4": 4.933333333333334,
    "5": 4.114285714285715,
    "6": 4.0,
    "7": 5.133333333333334,
    "8": 3.3166666666666664,
    "9": 4.7,
    "10": 3.5,
    "11": 4.25,
    "12": 3.033333333333333,
    "13": 4.216666666666667,
    "14": 2.9166666666666665,
    "15": 4.266666666666667,
    "16": 1.6,
    "17": 3.04,
    "18": 1.6814635677523022,
    "19": 2.6238146542574072,
    "20": 3.8585453133341465,
    "21": 4.68269495110569,
    "22": 3.813054406054583,
    "23": 4.566123432882,
    "24": 3.0968621713806965,
    "25": 4.041689923139216,
    "26": 3.2118028400622345,
    "27": 4.247340064402946,
    "28": 2.713293391649855,
    "29": 3.7938407680568247,
    "30": 2.6967914867414127
}